multisplit	multisplit-host	1	multisplit-host.args
multisplit	multisplit-midsld	1	multisplit-midsld.args
multidisorder	multidisorder-host	1	multidisorder-host.args
multidisorder	multidisorder-midsld	1	multidisorder-midsld.args
seqovl	seqovl-host	1	seqovl-host.args
seqovl	seqovl-midsld	1	seqovl-midsld.args
fake	fake-repeat2	1	fake-repeat2.args
fake	fake-rnd	1	fake-rnd.args
fake+split	fake-split-host	1	fake-split-host.args
fake+split	fake-split-midsld	1	fake-split-midsld.args
syndata	syndata-1603	0	syndata-1603.args
syndata	syndata-160301	0	syndata-160301.args
hostfakesplit	hostfakesplit-mid	1	hostfakesplit-mid.args
hostfakesplit	hostfakesplit-disorder	1	hostfakesplit-disorder.args
